symbol,date,calendarYear,period,revenuePerShare,netIncomePerShare,operatingCashFlowPerShare,freeCashFlowPerShare,cashPerShare,bookValuePerShare,tangibleBookValuePerShare,shareholdersEquityPerShare,interestDebtPerShare,marketCap,enterpriseValue,peRatio,priceToSalesRatio,pocfratio,pfcfRatio,pbRatio,ptbRatio,evToSales,enterpriseValueOverEBITDA,evToOperatingCashFlow,evToFreeCashFlow,earningsYield,freeCashFlowYield,debtToEquity,debtToAssets,netDebtToEBITDA,currentRatio,interestCoverage,incomeQuality,dividendYield,payoutRatio,salesGeneralAndAdministrativeToRevenue,researchAndDdevelopementToRevenue,intangiblesToTotalAssets,capexToOperatingCashFlow,capexToRevenue,capexToDepreciation,stockBasedCompensationToRevenue,grahamNumber,roic,returnOnTangibleAssets,grahamNetNet,workingCapital,tangibleAssetValue,netCurrentAssetValue,investedCapital,averageReceivables,averagePayables,averageInventory,daysSalesOutstanding,daysPayablesOutstanding,daysOfInventoryOnHand,receivablesTurnover,payablesTurnover,inventoryTurnover,roe,capexPerShare
UAL,2022-12-31,2022,FY,138.8310597707782,2.276020265845035,18.73316001711802,3.8510139369182608,50.690090425482225,21.296385011217584,-1.2136715935917213,21.296385011217584,117.6798212351301,12207668102.5,41474668102.5,16.56400013907734,0.2715530664553442,2.0124741349324102,9.789629593023255,1.7702534951421114,1.7702534951421114,0.9225818730397064,14.90286313420769,6.837235097675569,33.259557419807535,0.0603718903407171,0.10214891079358782,5.283207656612529,0.5408860120549898,10.516349263384836,1.0033013205282113,0.1954572624028691,8.23066485753053,0.0,0.0,0.0,0,0.10821283292259272,-0.7944279591163864,-0.10719608497386275,-2.1043668122270742,0.0019797575353130907,33.024196995268746,0.005012216548619119,0.012269223726048377,-130.14620496396313,66000000,-393000000,-40404000000,5.283207656612529,1732000000.0,2978500000.0,1046000000.0,14.622733844956066,36.111758706105206,11.796153285735102,24.961132704053302,10.107511045655375,30.94229035166817,0.10687354988399073,-14.882146080199758
UAL,2021-12-31,2021,FY,76.5268716992855,-6.101273687480584,6.421248835041938,-0.12426219322771047,57.17924821373097,15.622864243553899,-7.148182665424045,15.622864243553899,129.7825411618515,14092782000.0,36009782000.0,-7.175550916496944,0.5720866282373954,6.817988388969521,-352.31955,2.8023030423543447,2.8023030423543447,1.4617919136153283,-123.32117123287671,17.421278180938558,-900.24455,-0.1393621216875419,-0.0028383324172615455,7.993636905945516,0.5896589658965896,-75.0582191780822,1.192854020979021,-0.23335447051363348,-1.0524439918533606,0.0,0.0,0.0,0,0.10751741840850752,-1.019351717464925,-0.08553219128034424,-0.9148936170212766,0.00966144353332792,46.31075293035328,-0.005428806472143949,-0.032278741063357715,-133.58574091332713,3530000000,-2301000000,-41312000000,7.993636905945516,1479000000.0,2078500000.0,957500000.0,24.64053746853942,39.105507464559025,15.004181825785139,14.812988574864702,9.333723653395785,24.3265513733469,-0.39053489759395504,-6.545511028269649
UAL,2020-12-31,2020,FY,49.23916874252546,-22.668295919303972,-13.253369222589237,-18.791372766603658,37.46409693382774,19.11204465681874,-4.505440057521867,19.11204465681874,108.20431591527428,13487306284.0,34969306284.0,-1.9079510940727118,0.8783657625529143,-3.2633211429954025,-2.3015881030716723,2.2629708530201342,2.2629708530201342,2.2773888820579615,-3.4109740815450644,-8.460998375030245,-5.967458410238907,-0.5241224490012479,-0.43448260732031585,5.495134228187919,0.5499932827298986,-2.095396020288724,1.163064833005894,-6.410282258064516,0.584665440656387,1.189562961066066,-2.2696279530343753,0.0,0,0.12368173574259421,0.4178562787321558,-0.11247150765223055,-0.7456822107081175,0.007033539563660046,98.73116725651373,-0.11395319808394803,-0.13546557307935533,-129.76869885251284,2075000000,-1405000000,-38788000000,5.495134228187919,1329500000.0,2149000000.0,1002000000.0,30.783132530120483,28.558989453029188,16.68776060829041,11.857142857142858,12.780564263322884,21.872317596566525,-1.1860738255033556,-5.5380035440144235
UAL,2019-12-31,2019,FY,167.15224111282845,11.626738794435857,26.69629057187017,9.20015455950541,19.10355486862442,44.55564142194745,15.45208655332303,44.55564142194745,81.5146831530139,22797692000.0,40485692000.0,7.576501163177136,0.5270046001988026,3.299709364596903,9.574839143217135,1.977078484086376,1.977078484086376,0.935890612358122,8.70098689017838,5.859848313793602,17.00365056698866,0.13198704500438024,0.10444039686122612,1.7734801838522245,0.38870198247514776,3.801418439716312,0.5485339402865176,3.6609907120743035,2.296111665004985,0.0,0.0,0.0,0,0.143163977115052,-0.6553770444347952,-0.10467186019094292,-2.103111936832327,0.002311657689729305,107.96216052029254,0.047999200800796414,0.06674948423878081,-133.60510046367853,-6744000000,3999000000,-32886000000,1.7734801838522245,1355000000.0,2533000000.0,1028500000.0,11.508818974086317,32.04687195478464,12.70967322809069,31.714809384164223,11.389567147613763,28.71828358208955,0.26094874685630043,-17.49613601236476
UAL,2018-12-31,2018,FY,153.02237870503484,7.887675090502365,22.83683854291056,7.758004527718155,14.634249228503684,37.03020785794793,8.56937176342507,37.03020785794793,57.006884273161056,22599963608.370003,35633963608.37,10.61529525992015,0.5471748688562574,3.6664444530126543,10.792723786232093,2.2611269242991496,2.2611269242991496,0.8627451664133357,9.367498319760779,5.780980468586957,17.017174598075457,0.09420369151441974,0.09265501645429541,1.473536768384192,0.32895559724828016,3.4263932702418507,0.5452891684984461,4.995447647951441,2.9048067860508953,0.05464610569295837,0.5800845467355566,0.0,0,0.17158045206825695,-0.6602855288773524,-0.09854005762293296,-1.992168379833578,0.0024453429532963708,81.06695123561987,0.06925877719946412,0.05740091668913454,-108.64540724705583,-5999000000,2313000000,-27583000000,1.473536768384192,1343000000.0,2279500000.0,954500000.0,11.894777619059148,28.592574175368803,11.918614288082214,30.685735512630014,12.765552264071095,30.624365482233504,0.21300650325162582,-15.078834015192403
UAL,2017-12-31,2017,FY,131.49660197357457,7.425780655228095,12.105660251648242,-1.379919821431406,13.23468556009212,30.685792796780202,2.5925766342044594,30.685792796780202,52.098942551063004,19341993343.0,32251993343.0,9.076486786954483,0.5125607733464066,5.56764344933794,-48.84341753282828,2.1964562052009993,2.1964562052009993,0.8546744048918804,8.637384398232458,9.283820766551525,-81.44442763383839,0.1101747871695563,-0.020473587855065367,1.6343402225755166,0.34002740632235506,3.457418318157472,0.5611391606184917,6.257602862254025,1.621091927204853,0.0953366060725771,0.8653214453308306,0.0,0,0.19047394036762275,-1.1139896373056994,-0.10255458978164088,-1.955533097524002,0.001934492262030952,71.60296255857736,0.10219449571752381,0.06219355591874854,-98.45867311753629,-5563000000,744000000,-26407000000,1.6343402225755166,1258000000.0,2167500000.0,898500000.0,12.961098155607377,29.625221762270844,12.46525724423418,28.161194029850748,12.320582877959927,29.28138528138528,0.2419940949352714,-13.485580073079648
UAL,2016-12-31,2016,FY,116.19364026779539,7.1929699071567175,17.61530677218848,7.370966511134082,14.074445757353047,27.522724890000006,1.6019694357962817,27.522724890000006,38.927221587692586,22928976782.719997,32454976782.719997,10.132115237613785,0.6272288210613852,4.137310859386503,9.887441475946527,2.647993623134311,2.647993623134311,0.8878153184899878,6.492293815307061,5.856184912075062,13.9952465643467,0.09869607446702412,0.10113839889042374,1.3517727220233284,0.291604384653712,1.9055811162232446,0.5949047696565196,8.00369003690037,2.480752014324082,0.0,0.0,0.0,0,0.20316392625809665,-0.5815590039696861,-0.08816610132399606,-1.7244515783841627,0.0019148703359229676,66.74075192621277,0.12067131985807217,0.07075191496013757,-81.79738580456232,-4977000000,504000000,-24172000000,1.3517727220233284,1152000000.0,2004000000.0,805500000.0,11.741984899879638,31.41032346314773,12.819641132925652,31.08503401360544,11.620383356708743,28.47193585337915,0.26134657581706894,-10.244340261054397
UAL,2015-12-31,2015,FY,100.70212765957447,19.52127659574468,15.936170212765957,8.63031914893617,13.819148936170214,23.845744680851062,0.8164893617021277,23.845744680851062,32.922872340425535,21544800000.0,30297800000.0,2.9352588555858308,0.5690048594971477,3.5955941255006674,6.639383667180278,2.4029444568369396,2.4029444568369396,0.8001743080498627,5.865982575024201,5.056375166889185,9.336764252696456,0.34068545542311834,0.15061639003379004,1.3115101494534909,0.28778052421624534,1.694675701839303,0.6305783792492348,8.332258064516129,0.8163487738419618,0.0,0.0,0.0,0,0.21191356060791464,-0.4584445927903872,-0.07254912317768857,-1.5915411355735805,0.001531798013944644,102.34127219648006,0.4163404860138483,0.22793615303397305,-67.77659574468085,-4586000000,307000000,-24067000000,1.3115101494534909,1137000000.0,1875500000.0,702000000.0,10.873653074160153,26.286413378545006,10.379546855733661,33.56737588652482,13.885500267522739,35.16531165311653,0.8186482266339504,-7.305851063829787
UAL,2014-12-31,2014,FY,104.8544474393531,3.0512129380053907,7.099730458221024,1.6954177897574123,11.816711590296496,6.45822102425876,-17.28032345013477,6.45822102425876,34.495956873315365,24816190000.0,34929190000.0,21.92242932862191,0.6379319297704429,9.421484434320426,39.45340222575517,10.357341402337228,10.357341402337228,0.8978995398575872,15.49653504880213,13.26089217919514,55.53130365659777,0.04561538253857663,0.02534635655191228,5.056343906510851,0.3243380719085482,4.486690328305235,0.6506236008954269,3.4743777452415814,2.3268551236749118,0.0,0.0,0.0,0,0.23577758145262764,-0.761199696279423,-0.05154109148865068,-1.2546933667083855,0.002930515925040487,21.05639261076377,0.15675453486157326,0.03965529321095775,-79.19272237196766,-4370000000,-6411000000,-26819000000,5.056343906510851,1324500000.0,1984500000.0,666500000.0,10.75267987969461,23.231424803003147,8.221109946227468,33.94502617801047,15.711477151965994,44.3978978978979,0.4724540901502504,-5.404312668463612
UAL,2013-12-31,2013,FY,109.99712643678161,1.6408045977011494,4.149425287356322,-2.0689655172413794,14.71551724137931,8.574712643678161,-17.169540229885058,8.574712643678161,37.76724137931034,13164840000.0,22353840000.0,23.055761821366023,0.3439180751848272,9.116925207756232,-18.2845,4.41180965147453,4.41180965147453,0.5839713681130646,12.467283881762409,15.48049861495845,-31.047,0.04337310593976076,-0.054691131832973285,4.158512064343164,0.33709116592415517,5.124930284439487,0.7187577434542001,1.7016348773841963,2.5288966725043784,0.0,0.0,0.0,0,0.24337172661088777,-1.4986149584487534,-0.05653230230674783,-1.3382807668521954,0.002612398443010528,17.79219290639997,0.08135965895472576,0.02050048468746634,-78.29382183908046,-3405000000,-5975000000,-25126000000,4.158512064343164,1420500000.0,2199500000.0,681000000.0,14.331487238433606,25.455472013366748,8.135505430242272,25.46839654025283,14.338763775754671,44.865067466266865,0.1913538873994638,-6.218390804597701
UAL,2012-12-31,2012,FY,112.24169184290031,-2.1842900302114803,2.824773413897281,-3.2658610271903323,19.76737160120846,1.4531722054380665,-26.099697885196374,1.4531722054380665,42.18731117824773,7738780000.0,16134780000.0,-10.703706777316736,0.20830049526270455,8.276770053475936,-7.15890841813136,16.08893970893971,16.08893970893971,0.4342910206718346,11.54959198282033,17.256449197860963,-14.925790934320075,-0.09342557870878872,-0.1396861003930852,27.37214137214137,0.34989901137450835,6.010021474588403,0.783975659229209,0.04887218045112782,-1.293222683264177,0.0,0.0,0.0,0,0.24237270117997237,-2.156149732620321,-0.05426356589147287,-1.399028452463567,0.0015342377260981913,8.45093871186349,0.002674688043175955,-0.025361302090641222,-88.37764350453172,-2769000000,-8639000000,-27098000000,27.37214137214137,1348000000.0,2155000000.0,655000000.0,13.145187338501291,28.359041570050742,8.52488490103169,27.766816143497756,12.870674740484429,42.815827338129495,-1.503118503118503,-6.090634441087613
UAL,2011-12-31,2011,FY,112.79635258358662,2.5531914893617023,7.319148936170213,5.191489361702128,23.592705167173253,5.48936170212766,-22.696048632218844,5.48936170212766,41.495440729483285,6208230000.0,12697230000.0,7.39075,0.16729264349232012,2.578168604651163,3.634795081967213,3.4375581395348838,3.4375581395348838,0.34215117219078417,3.189457422758101,5.272936046511628,7.433975409836066,0.13530426546696886,0.27511867311617,7.0514950166112955,0.33523744340317996,1.6299924642049737,0.9651571002281902,1.9869138495092693,2.8666666666666667,0.0,0.0,0.2709512260846133,0,0.24410340107402337,-0.29069767441860467,-0.01886284020479655,-0.45248868778280543,0.0004580975478307734,17.757992863715177,0.11614845035983343,0.02925300365662546,-82.35258358662614,-397000000,-7467000000,-25185000000,7.0514950166112955,1485500000.0,1901500000.0,540500000.0,13.35677714901644,42.75738742964353,13.161057692307693,27.326951399116346,8.536536536536536,27.733333333333334,0.46511627906976744,-2.127659574468085
UAL,2010-12-31,2010,FY,112.21739130434783,1.2222222222222223,9.21256038647343,7.420289855072464,41.932367149758456,8.342995169082126,-37.26086956521739,8.342995169082126,76.96135265700484,4930740000.0,11994740000.0,19.48909090909091,0.2122665633475397,2.5856004195070796,3.2101171875,2.8550897510133177,2.8550897510133177,0.5163691936803134,4.355388525780683,6.2898479286837965,7.809075520833333,0.05131075660042915,0.3115151072658465,8.762594093804285,0.3821657659477751,2.5649963689179374,0.9525504151838672,1.2230576441102756,7.537549407114624,0.0,0.0,0.2153342804253304,0,0.23839587857972624,-0.1945464079706345,-0.0159714150415429,-0.3438368860055607,0.0006026949072280339,15.147025026379223,-0.11724046726912057,0.008389150474169375,-134.04951690821255,-600000000,-7713000000,-25826000000,8.762594093804285,1178000000.0,1304000000.0,331500000.0,25.345258082569202,84.38900986294351,21.78685794799539,14.401115933044018,4.325207756232687,16.753218884120173,0.1464968152866242,-1.7922705314009661
UAL,2009-12-31,2009,FY,108.39416058394161,-4.319840743198408,6.410086264100863,4.306569343065694,20.185799601857997,-18.65295288652953,-34.943596549435966,-18.65295288652953,60.51758460517585,1945537000.0,7446537000.0,-2.9885360983102918,0.1191023569023569,2.0140134575569357,2.9977457627118644,-0.6921156172180718,-0.6921156172180718,0.45586391184573005,6.509210664335664,7.7086304347826085,11.473862865947611,-0.33461198630506644,0.3335839924915332,-3.039131981501245,0.45723613787197603,4.808566433566433,0.7886605901436737,-0.27902946273830154,-1.4838709677419355,0.47904511710648523,-1.4316436251920124,0.41089684726048364,0,0.13139584671376578,-0.3281573498964803,-0.01940618304254668,-0.3514412416851441,0.0012855831037649219,42.57933984756326,-0.02134481546971346,-0.04011337728757163,-118.09721300597214,-1368000000,-5266000000,-16390000000,-3.039131981501245,728500000.0,816000000.0,217000000.0,16.602081420263236,64.90146147032772,15.92227635075288,21.985195154777927,5.623910336239104,22.923857868020306,0.23159018143009605,-2.1035169210351694
UAL,2008-12-31,2008,FY,159.25867507886434,-42.17665615141956,-9.771293375394322,-13.04416403785489,16.08044164037855,-19.44006309148265,-40.678233438485805,-19.44006309148265,68.39116719242902,1397336000.0,7507336000.0,-0.2612819745699327,0.06919560265425374,-1.1277933817594834,-0.8448222490931077,-0.5668705882352941,-0.5668705882352941,0.37176072100623947,-6.720981199641898,-6.059189669087974,-4.538897218863362,-3.8272827723611216,-1.183680947173765,-3.3058823529411763,0.4187349057088536,-5.470008952551477,0.6676280730668864,-8.48565965583174,0.23167539267015708,0.18105881477325425,-0.04730740463724757,0.2764187382390809,0,0.13837932274806022,0.33494753833736884,-0.020550658611468754,-0.44527896995708155,0.0015351094384470636,135.82389065571542,-0.6271115118535192,-0.3189408396946565,-151.67981072555204,-2420000000,-5158000000,-17065000000,-3.3058823529411763,801000000.0,853000000.0,239500000.0,12.905318411409331,-302.88788788788787,-86.5915915915916,28.282913165266105,-1.2050663449939687,-4.215189873417722,2.169574036511156,-3.272870662460568
UAL,2007-12-31,2007,FY,171.57580919931857,3.4327086882453153,18.17717206132879,12.572402044293016,30.272572402044293,20.596252129471893,-23.279386712095402,20.596252129471893,66.33730834752981,3899189375.0420594,11089189375.042059,9.675407878516276,0.19357540460914757,1.8271740276673194,2.641727218863184,1.6125679797527126,1.6125679797527126,0.5505232276742322,20.922998820834074,5.196433634040328,7.513000931600311,0.10335481589571498,0.3785402190125938,3.4942100909842844,0.34884393063583813,13.566037735849056,0.7638801854869032,-1.5688350983358548,5.295285359801489,0.17798571273356376,1.7220843672456576,0.27518244551457083,0,0.21267547481420312,-0.3083411433926898,-0.03266643498982277,0.7113513513513513,0.0024326068609442485,39.88447074586684,0.04858466495232187,0.02113377733494153,-148.73083475298125,-1884000000,-2733000000,-15707000000,3.4942100909842844,854000000.0,772000000.0,230000000.0,16.090949709576527,1012.9905063291139,279.5253164556962,22.68355855855856,0.3603192702394527,1.3057851239669422,0.16666666666666666,-5.604770017035775
UAL,2006-12-31,2006,FY,166.33786555852964,196.75000064720396,13.434319855347638,10.320860324210733,35.6413709862744,18.474339980337213,-30.816368784705883,18.474339980337213,87.02205396697016,4764780674.0452795,11532780674.04528,0.2082873174525826,0.24636921789272387,3.050435770835646,3.9706505617043995,2.218240537265028,2.218240537265028,0.5963175115845543,8.830613073541562,7.383342300925276,9.6106505617044,4.80106044011851,0.2518478985898851,4.934823091247672,0.4178327880484055,5.182235834609495,0.7895531780994336,-0.9273858921161826,62.48,0.6214346897705415,0.12943696450428396,0.0,0,0.22590563285900114,-0.23175416133162613,-0.018717683557394,-0.4146620847651776,-0.04513960703205791,285.9783104878415,0.031432283948503524,1.1648844077808331,-157.84895794186633,-1672000000,-3583000000,-16948000000,4.934823091247672,829500000.0,631500000.0,205500000.0,15.47569803516029,358.5493372606775,117.18703976435935,23.585365853658537,1.0179910044977512,3.114678899082569,10.649906890130353,-3.1134595311369044
UAL,2005-12-31,2005,FY,149.56110154905335,-182.23752151462995,9.285714285714286,5.240963855421687,15.817555938037867,-219.9655765920826,-251.99655765920826,-219.9655765920826,8.184165232358003,3668856444.29822,3340856444.29822,-0.17325540443418114,0.21110860488510386,3.400237668487692,6.024394818223678,-0.1435389845187097,-0.1435389845187097,0.19223525198792912,0.15793024696502883,3.0962524970326415,5.485806969291002,-5.771825723219473,0.1659917767964044,-0.0560641627543036,0.0740874780270913,-0.015505341779332514,0.8137179977072985,0.45435684647302904,-0.05095391008689082,0.0,0.0,0.0,0,0.020059973115499948,-0.4355885078776645,-0.02704413372461016,-0.5934343434343434,0.0,949.7023658363955,0.018177710852259884,-1.1172311913052653,-364.3567125645439,-975000000,-25948000000,-40643000000,-0.0560641627543036,895000000.0,598500000.0,213500000.0,17.62097934288509,317.5766423357664,102.83941605839415,20.71394517282479,1.1493288590604027,3.5492227979274613,0.8284820031298904,-4.044750430292599
UAL,2004-12-31,2004,FY,144.41409691629957,-15.162995594713657,0.8722466960352423,-1.4801762114537445,11.462555066079295,-67.66519823788546,-67.66519823788546,-67.66519823788546,6.651982378854625,3583607628.46685,3564607628.46685,-2.0822821780748693,0.21863264160007626,36.198056853200505,-21.330997788493153,-0.46661557662328773,-0.46661557662328773,0.21747346888334146,7.616682966809508,36.00613766128131,-21.217902550397916,-0.4802423084293644,-0.04688013237427845,-0.15677083333333333,0.058150205264428885,-0.0405982905982906,0.6057885776195635,1.9020044543429844,-0.05752469494479954,0.0,0.0,0.0,0,0.019270707558560734,-2.696969696969697,-0.01628942712464157,-0.30549199084668194,0.0,151.93801306098774,0.20361516307349178,-0.08475327489411996,-231.31057268722466,-2547000000,-8079000000,-24471000000,-0.15677083333333333,940000000.0,551000000.0,249000000.0,21.17717039838936,309.4005641748942,120.4654442877292,17.235541535226076,1.1797004991680533,3.02991452991453,0.22408854166666667,-2.352422907488987
UAL,2003-12-31,2003,FY,133.72102557245074,-27.35999998596923,9.753333328331625,8.29179486754267,16.739487170902827,-57.64307689351637,-57.64307689351637,-57.64307689351637,8.301538457281262,3240452065.4272966,2452452065.4272966,-1.1540071458074417,0.23611571447298868,3.2372148505767195,3.8078167631343085,-0.5477437568335525,-0.5477437568335525,0.17869805198391844,4.199404221622084,2.450002063363933,2.8818473154257305,-0.866545760685316,0.2626176788971524,-0.1440162271805274,0.038764274989762953,-1.3493150684931507,0.6583769633507853,0.0,-0.35648148148148145,0.0,0.0,0.0,0,0.01847217798807953,-0.14985014985014986,-0.010929758088020986,-0.15991471215351813,0.0,188.37483408738865,0.42581342683906787,-0.13016270337922403,-246.9829485912908,-2088000000,-6322000000,-23871000000,-0.1440162271805274,1021500000.0,392500000.0,287000000.0,24.70744680851064,182.31804586241276,96.07178464606181,14.772874058127018,2.0019960079840318,3.7992424242424243,0.4746450304259635,-1.4615384607889546
UAL,2002-12-31,2002,FY,254.33844578059265,-57.18431246305919,-20.277998722112212,-23.07312233876859,22.68144896573394,-44.20568114750186,-44.20568114750186,-44.20568114750186,12.46233459655711,1773467456.9944427,1587467456.9944427,-0.552138062576103,0.12414023918482729,-1.5570390316017932,-1.3684162476808972,-0.7142438409160058,-0.7142438409160058,0.11112049957961939,-0.7823890867394986,-1.3937378902497302,-1.2248977291623786,-1.8111412122799755,-0.7307717967356314,-0.2819170358437374,0.02959080148799459,0.09167077378018729,0.8466549736908043,0.0,0.3546077210460772,0.003947069889775787,-0.0021793275217932753,0.0,0,0.01741630030436253,0.13784021071115013,-0.010989780204395913,-0.1618556701030928,0.0,238.48922067061022,1.7773091854689331,-0.13818619858888315,-425.04572475071814,-612000000,-2895000000,-22760000000,-0.2819170358437374,1167500000.0,776000000.0,319500000.0,28.462130757384852,83.5967741935484,91.25,12.824057450628366,4.366197183098592,4.0,1.2935964559001207,-2.79512361665638
UAL,2001-12-31,2001,FY,302.73025812941324,-40.12517177709846,-3.0014153736960045,-39.59992408670166,49.29824751295688,56.895580177624886,38.43687562939446,56.895580177624886,200.2881996559515,1683133138.84147,10147133138.84147,-0.786878512782361,0.10429626588433945,-10.519582117759187,-0.7973155560594363,0.5549400391828124,0.5549400391828124,0.6287726570108731,-40.58853255536588,-63.41958211775919,-4.806789738911165,-1.2708442075309092,-1.2542085657305984,3.3471810089020773,0.40290510775092275,-33.856,0.6305479791718324,-7.182857142857143,0.07459207459207459,0.052283445658120625,-0.04114071996259935,0.5454207460651878,0,0.039052268127157994,12.19375,-0.12089478250092948,-1.0098343685300206,0.009108935431899863,226.64126032048912,-0.1557959186166115,-0.08834097385701896,-346.2085736443127,-2980000000,2049000000,-17078000000,3.3471810089020773,1273500000.0,1228000000.0,376500000.0,27.61587557318131,108.36338094123157,28.116366190587687,13.217035217035217,3.3682965299684544,12.98176291793313,-0.705242334322453,-36.59850871300566
UAL,2000-12-31,2000,FY,316.817553918985,0.8185654038832808,40.4698735679894,-1.0805063331259306,38.3743461340482,84.96708892308455,84.96708892308455,84.96708892308455,120.95122407779357,1928595769.092758,7637595769.092758,38.571915381855156,0.09965873135039055,0.7801762819954522,-29.22114801655694,0.37159841408338307,0.37159841408338307,0.3946669992296795,4.674171217315029,3.089642301412928,-115.72114801655694,0.02592559871865777,-0.03422179030862826,1.4235067437379576,0.3033463354547321,3.4938800489596082,0.7047633092464238,0.0,21.128205128205128,0.06118441297603233,2.36,0.0,0,0.027550810921781976,-1.0266990291262137,-0.13114923522116578,-2.398865784499055,0.0,39.558819343794944,0.02721841258023438,0.002111129876710015,-255.62978997870977,-2002000000,4519000000,-14386000000,1.4235067437379576,1321000000.0,1077500000.0,382000000.0,25.009818106655644,417.7456647398844,149.09441233140655,14.594268476621417,0.8737373737373737,2.44811320754717,0.009633911368015413,-41.550379901115335
UAL,1999-12-31,1999,FY,362.0440031980855,24.803036775372252,48.62198545196455,0.6426697787950705,13.837483674681362,103.449750955419,103.449750955419,103.449750955419,107.04468503055392,1572123614.826728,6592123614.826728,1.2729745869042333,0.08720938674359173,0.6493695228528411,49.12886296333525,0.3052074577415508,0.3052074577415508,0.36568056885930705,4.665338722453452,2.7228928603166986,206.00386296333525,0.7855616367267123,0.0203546335022306,1.0347505338769172,0.25425750131183517,3.5527246992215145,0.5424136019220107,0.0,1.9555735056542811,0.006360822969447063,0.008097165991902834,0.0,0,0.02709535848876592,-0.986782321354812,-0.13252343706662228,-2.7554786620530565,0.0,240.27490399619987,0.06844449205305647,0.060554057367001715,-280.4851915828736,-2476000000,4583000000,-12877000000,1.0347505338769172,1227000000.0,1059000000.0,362000000.0,26.645587174793366,0.0,0.0,13.698328267477203,0.0,0.0,0.23975927004465153,-47.97931567316948
UAL,1998-12-31,1998,FY,271.8639595904358,12.710000046907796,49.44669932987028,5.604165672327189,12.617113323057069,50.79355682570582,50.79355682570582,50.79355682570582,84.04700396426604,2039492890.9651444,7078492890.965144,2.484156992649384,0.1161376283221425,0.6385387886553364,5.633958262334653,0.6216070987397575,0.6216070987397575,0.40308028534622997,3.2218902553323367,2.2161843741280975,19.553847765097082,0.40255104768297584,0.17749510263244486,1.6546784516915574,0.29252653699013953,2.293582157487483,0.5130557515878617,0.0,3.8903775883069427,0.004903179630730522,0.012180267965895249,0.0,0,0.036424376313378956,-0.886662492172824,-0.16126644268549628,-3.57124842370744,0.0,120.52255999123166,0.08847836774970279,0.045909523010680534,-207.717936211188,-2760000000,2605000000,-12370000000,1.6546784516915574,1094500000.0,1090500000.0,369500000.0,23.652981037526335,0.0,0.0,15.43145869947276,0.0,0.0,0.2502285888448644,-43.84253365754309
UAL,1997-12-31,1997,FY,271.5655860737892,14.830000068133614,40.11444697038882,-3.8286090797605223,13.204794581214863,36.52024252816466,36.52024252816466,36.52024252816466,65.27387806595796,2020457177.6999898,5902457177.699989,2.1290381219177976,0.11626523061917308,0.7870888888585859,-8.246763990612203,0.8645516378690584,0.8645516378690584,0.3396511208251807,3.97739702001347,2.2993600224775963,-24.091661949795874,0.46969567604511414,-0.12125968454273231,1.787334189131365,0.26431690185407836,2.615902964959569,0.5617378048780488,0.0,2.6795407098121085,0.004949374879295197,0.01053740779768177,0.0,0,0.04448522432449535,-1.0954421503700817,-0.16181378754747383,-3.883977900552486,0.0,110.38972769950611,0.09511587907680837,0.0628476821192053,-182.13631010970948,-2300000000,1634000000,-10518000000,1.787334189131365,1006500000.0,1012000000.0,362000000.0,22.074749683507882,0.0,0.0,16.534728829686014,0.0,0.0,0.40607616602481816,-43.94305605014934
UAL,1996-12-31,1996,FY,232.3833778649592,7.570000024570544,34.8390432650498,12.995403419290897,9.899230801361481,14.131613554310865,14.571894981631104,14.131613554310865,46.627223415881986,2223084235.5614147,5277084235.561415,4.170889747770009,0.13586873460221335,0.9062716003104014,2.4296002574441693,2.2342555131270503,2.2342555131270503,0.3225207331354,2.9366078105517053,2.1512777152716733,5.767305175476956,0.2397569968217587,0.4115903416358522,3.299497487437186,0.25897294312534513,1.6994991652754592,0.536078352988207,0.0,4.088333333333333,0.009896161219659833,0.04127579737335835,0.0,0,0.041334700638952435,-0.6269873624133714,-0.09399828871776067,-2.02635046113307,0.0,49.06085085330747,0.12112278557240315,0.043857483748868595,-142.70799295850813,-2321000000,502000000,-8969000000,3.299497487437186,956500000.0,845000000.0,333500000.0,21.460090453489794,0.0,0.0,17.008316008316008,0.0,0.0,0.535678391959799,-21.843639845758908
UAL,1995-12-31,1995,FY,295.89656043961,6.910787632565342,32.157934427753915,32.157934427753915,22.63332453874552,-4.732602418862799,-3.564303076967798,-4.732602418862799,81.22650678734394,1594492462.0699828,5502492462.069983,4.5687463096561105,0.1067049763815822,0.9818303337869352,0.9818303337869352,-6.6715165776986725,-6.6715165776986725,0.36823211283343255,7.476212584334215,3.3882342746736347,3.3882342746736347,0.2188784257699942,1.0185059124655318,-17.16317991631799,0.3523752254960914,5.309782608695652,0.6864425896683961,0.0,4.296296296296297,0.030730781841632422,0.14040114613180515,0.0,0,0.06554419723391461,0.0,0.0,0.0,0.0,27.12720462907728,0.10181773520019652,0.03208310351167494,-194.36837737637038,-1390000000,-943000000,-8778000000,-17.16317991631799,920000000.0,673500000.0,291500000.0,23.22927123067657,0.0,0.0,15.712933753943217,0.0,0.0,-1.4602510460251046,0.0
UAL,1994-12-31,1994,FY,280.4614284111649,1.025342856556947,26.819752365626808,14.033123801504882,30.800495220494955,-6.353104758274417,-5.367971425504017,-6.353104758274417,87.3752951881665,1570455579.6636276,5416455579.663628,30.793246660071134,0.11257746090778693,1.1772530582186114,2.2499363605496097,-4.9697961381760365,-4.9697961381760365,0.3882763856389697,4.1378575856865,4.060311528983229,7.759965013844739,0.032474652999051126,0.44445701555564093,-13.753164556962025,0.3694321659299558,2.938120702826585,0.6506318793314309,0.0,26.15686274509804,0.033748168802935484,1.0392156862745099,0.0,0,0.06919415164909895,-0.4767616191904048,-0.04559139784946237,-0.99375,0.0,12.10650602235133,0.048511649954773896,0.004657534246575342,-194.8101165553466,-1714000000,-1081000000,-8839000000,-13.753164556962025,992000000.0,625000000.0,281500000.0,23.260573476702508,0.0,0.0,15.691788526434197,0.0,0.0,-0.16139240506329114,-12.786628564121926
UAL,1993-12-31,1993,FY,291.74019983329134,-1.0052380946636734,17.249885704428635,-12.826838087908474,8.785780947360506,24.186028557607983,7.478971424297731,24.186028557607983,81.42428566775754,1570455579.6636276,5183455579.663628,-31.409111593272556,0.10822517949580508,1.8303678084657666,-2.461529121729824,1.3054493596538883,1.3054493596538883,0.35720870923186737,5.473553938398762,6.041323519421478,-8.124538526118538,-0.031837895097108944,-0.4062515414391102,3.3665835411471323,0.31542056074766356,3.8152059134107708,0.7583741830065359,0.0,-27.677419354838708,0.01719246335243883,-0.54,0.0,0,0.06744548286604361,-1.7435897435897436,-0.1030942043966646,2.196769456681351,0.025704637860933084,23.388803698702688,0.03302266992316447,-0.0041757140471020545,-205.16406893038243,-1183000000,372000000,-7889000000,3.3665835411471323,1080500000.0,622500000.0,301000000.0,27.542898490800084,59.768999453253144,27.73920174958994,13.252054794520548,6.106844741235392,13.158273381294965,-0.04156275976724855,-30.07672379233711
UAL,1992-12-31,1992,FY,259.144349375727,-19.24025713186271,11.566269517200228,-39.06958378719833,10.49468570828875,14.19396189665107,-4.041057140547967,14.19396189665107,85.1034570942266,1570455579.6636276,5281455579.663628,-1.6410194144865495,0.12183802413272828,2.729802850101908,-0.8081385167826005,2.224441330968311,2.224441330968311,0.40974231981067266,75.02067584749472,9.180350390515605,-2.7177767610063435,-0.6093773121586652,-1.2374116308442364,5.995750708215297,0.34535367545076284,52.71306818181818,0.6807017543859649,0.0,-1.3796163069544365,0.0,0.0,0.0,0,0.07399853145141552,-4.377889796627846,-0.19539632419683933,3.4710584343991178,-0.0026067325073508307,78.3878066012638,-0.06921719366515391,-0.0843171806167401,-202.40469036053065,-1547000000,-201000000,-8253000000,5.995750708215297,1072500000.0,613000000.0,330000000.0,30.18611759777186,69.18517649130014,34.69968604207623,12.091651031894934,5.275696594427244,10.518827160493828,-1.3555240793201133,-50.63585330439856
UAL,1991-12-31,1991,FY,125.40860215053763,-3.5698924731182795,3.6344086021505375,-23.040860215053762,12.64516129032258,17.172043010752688,17.172043010752688,17.172043010752688,28.634408602150536,2936348100.8582997,5360348100.858299,-8.844421990537048,0.251766106564203,8.687420416740533,-1.370332322595809,1.8386650600239824,1.8386650600239824,0.4596028552566492,-46.938249569687386,15.859018049876624,-2.5015624887335726,-0.11306561367943936,-0.7297499909406707,1.7989981214777708,0.29090724989874445,-21.225919439579684,0.7058535390644134,2.3523809523809525,-1.0180722891566265,0.0,0.0,0.3478521821143788,0,0.0,-7.339644970414201,-0.21270685072451342,-4.108645246770454,0.0,37.13896618880716,-0.07222603885923655,-0.033616848926690965,-65.86827956989248,-1201000000,1597000000,-5397000000,1.7989981214777708,996000000.0,566500000.0,329500000.0,33.767898482380176,37.87797459295044,21.94310252281267,10.809082483781278,9.636206896551725,16.633928571428573,-0.20788979336255478,-26.6752688172043
UAL,1990-12-31,1990,FY,126.86206896551724,1.0804597701149425,8.227586206896552,-21.777011494252875,13.735632183908047,19.20689655172414,19.20689655172414,19.20689655172414,17.17241379310345,2746906287.8997,4211906287.8997,29.222407318081913,0.24888160622449038,3.837533232606454,-1.4498608085610156,1.643869711489946,1.643869711489946,0.3816169509739694,7.923074281225922,5.884194311120006,-2.2231110988597593,0.03422031556521461,-0.6897213815942086,1.0089766606822261,0.2111987974445697,2.7558314522197143,0.7026883151450626,0.1875,7.614893617021276,3.640459102682406e-05,0.0010638297872340426,0.32164537464890824,0,0.0,-3.646828723107013,-0.2365135453474676,-4.664760543245175,0.0,21.60847699955252,-0.006146603020989996,0.011775021921583365,-49.089080459770116,-1117000000,1671000000,-3672000000,1.0089766606822261,900500000.0,574500000.0,286000000.0,30.19344024644378,40.22419290554006,23.494420087684336,12.088718510405258,9.074141048824593,15.535603715170279,0.056253740275284264,-30.004597701149425
UAL,1989-12-31,1989,FY,112.57471264367815,3.7241379310344827,7.568965517241379,-10.495402298850575,16.344827586206897,17.977011494252874,17.988505747126435,17.977011494252874,17.942528735632184,2746906287.8997,4063906287.8997,8.478105826850927,0.28046827526033286,4.1714598145781325,-3.008330180593254,1.7563339436698848,1.7563339436698848,0.4149383589850623,4.8727893140284175,6.1714598145781325,-4.450669464351878,0.11795087492690995,-0.33241032066593046,1.139386189258312,0.24725960871375052,1.579136690647482,0.8492555831265509,-2.1040723981900453,2.0324074074074074,3.640459102682406e-05,0.00030864197530864197,0.32244231161935877,0,0.0,-2.3866362946089597,-0.16046559117827242,-3.0398452611218567,0.0,38.81171967110933,0.08379567661439405,0.04495629249340918,-39.41954022988506,-486000000,1565000000,-2904000000,1.139386189258312,815500000.0,545500000.0,212000000.0,33.09373085562589,56.110394635027085,23.442094402888834,11.02927927927928,6.50503355704698,15.570281124497992,0.2071611253196931,-18.064367816091956
UAL,1988-12-31,1988,FY,75.47899159663865,9.445378151260504,14.452941176470588,2.919327731092437,9.521008403361344,10.302521008403362,10.302521008403362,10.302521008403362,19.025210084033613,3757262623.6789,5179262623.6789,3.3427603413513345,0.4183102453438989,2.1845820243496132,10.815378882207542,3.0646514059371124,3.0646514059371124,0.5766268786104319,2.8992737481408977,3.011374279713297,14.908643130912203,0.2991539619605942,0.09246093094760714,2.0464926590538335,0.3744217281002835,0.7960143304970891,0.7493900313698153,-2.7142857142857144,1.5301601423487545,5.3230242341742746e-05,0.00017793594306049823,0.31596526386105545,0,0.0,-0.7980115122972266,-0.15280561122244488,-2.6475694444444446,0.0,46.792116363792495,0.10801547951157511,0.1677361587822713,-31.069327731092436,-719000000,1226000000,-3325000000,2.0464926590538335,789500000.0,490500000.0,198500000.0,30.19316410598976,55.38779889638259,19.581545064377682,12.088829071332436,6.58989898989899,18.64,0.9168026101141925,-11.533613445378151
UAL,1987-12-31,1987,FY,37.24215246636771,1.5022421524663676,10.491031390134529,6.065022421524664,9.90134529147982,13.103139013452914,13.103139013452914,13.103139013452914,11.062780269058296,7040920714.9613,7557920714.9613,21.017673776003882,0.8477929819339314,3.009583549887284,5.205856351172865,2.409623790198939,2.409623790198939,0.9100446375630704,12.200033438194188,3.2305709403553324,5.588111434352163,0.047579004729900766,0.19209135491698745,0.932580424366872,0.32483013470020267,0.83454398708636,1.0295595625184748,-0.9573643410852714,6.983582089552239,0.005950926263232365,0.12507462686567164,0.3344972907886815,0,0.0,-0.42188501816627483,-0.11884406983744732,-1.79291553133515,0.0,21.044998800232793,0.016823091907207363,0.03993324591727262,-11.304932735426009,100000000,2922000000,-1984000000,0.932580424366872,807500000.0,480500000.0,210000000.0,36.741721854304636,61.27461139896373,27.989637305699482,9.93421052631579,5.95679012345679,13.04054054054054,0.11464750171115674,-4.426008968609866
UAL,1986-12-31,1986,FY,39.331491712707184,0.06077348066298342,5.119337016574586,-3.1138121546961326,0.56353591160221,12.662983425414364,12.668508287292818,12.662983425414364,9.07182320441989,5714828024.2511,7477828024.2511,519.5298203864636,0.8027571322167579,6.167524308494603,-10.13986519561941,2.4933804643329407,2.4933804643329407,1.0504042736692092,42.65731902025727,8.07017917575124,-13.267970234654186,0.0019248173266668853,-0.09862064048267788,0.8136998254799301,0.2901820444997666,10.057045065601825,0.4664338377958867,-0.40358744394618834,84.23636363636363,0.007961744396667572,4.136363636363637,0.35932012923163364,0,0.0,-1.6082451974962229,-0.20932715268998456,-2.9667529364921363,0.0,4.1611783802971285,0.01073015712241875,0.0017115294849852187,-18.501381215469614,-1375000000,2293000000,-2932000000,0.8136998254799301,895500000.0,529500000.0,203500000.0,39.940300604017416,68.41949486977111,28.52012628255722,9.138639281129654,5.334736842105263,12.797979797979798,0.004799301919720768,-8.233149171270718
UAL,1985-12-31,1985,FY,38.07194244604317,-0.35251798561151076,-3.5424460431654676,-8.574820143884892,5.402877697841727,11.215827338129497,11.215827338129497,11.215827338129497,23.892086330935253,4388735333.5409,7117735333.5409,-89.56602721512041,0.8293150668066704,-8.912947468604589,-3.6821338480920383,2.8150964294681846,2.8150964294681846,1.3449991182050076,69.71337251264349,-14.455189548214664,-5.971755460643426,-0.0111649475933346,-0.27158165380603083,2.2322001282873636,0.44196088392176786,26.72869735553379,1.0390178271106627,1.528301886792453,10.048979591836735,0.013443508326668194,-1.2040816326530612,0.3835978835978836,0,0.0,1.4205930138099105,-0.1321806500377929,-1.649375147370903,0.0,9.431864574652685,-0.02191993360876076,-0.006223012446024892,-33.81654676258993,116000000,1559000000,-3226000000,2.2322001282873636,866500000.0,483500000.0,194000000.0,69.79969765684051,104.54144188327612,37.412947523295735,5.229249011857707,3.4914383561643834,9.75598086124402,-0.03143040410519564,-5.032374100719425
UAL,1984-12-31,1984,FY,42.74846625766871,1.7300613496932515,,,2.7116564417177913,10.079754601226995,10.079754601226995,10.079754601226995,8.478527607361963,5146502585.375299,6240502585.375299,18.25000916799752,0.7385910713799224,0.0,0.0,3.132381366631345,3.132381366631345,0.8955945156967996,17.881096233167046,0.0,0.0,0.05479449302160132,,0.9348752282410225,0.29773211862764104,3.134670487106017,0.7305327868852459,-4.175324675324675,0.0,,,0.0,0,0.0,0.0,,0.0,,19.808290224662237,0.10952516449364935,0.054661756154293466,-14.992331288343559,-526000000,1643000000,-2090000000,0.9348752282410225,744000000.0,390500000.0,159000000.0,37.767652123995404,30.037602062741726,14.038461538461538,9.664355062413314,12.151436031331592,26.0,0.17163724893487523,
UAL,1983-12-31,1983,FY,46.68217054263566,1.1007751937984496,,,2.2635658914728682,10.829457364341085,10.829457364341085,10.829457364341085,11.666666666666666,4072998978.6099,5480998978.6098995,28.68309139866127,0.6763532013633178,0.0,0.0,2.915532554480959,2.915532554480959,0.9101625670225671,103.4150750681113,0.0,0.0,0.03486374554615383,,1.2168933428775948,0.33112582781456956,26.566037735849058,0.6483971044467425,-1.1076923076923078,0.0,,,0.0,0,0.0,0.0,,0.0,,16.377361071054874,0.03993458810295082,0.02765874561745228,-21.70736434108527,-680000000,1397000000,-2483000000,1.2168933428775948,,,,46.4887080704085,33.69751797726745,11.768731152864763,7.851368970013038,10.831658291457286,31.014388489208635,0.10164638511095204,
